,rating,review_count,latitude,longitude
0,4.0,175.0,43.259125842121065,-79.87721174955368
1,4.5,14.0,43.259125842121065,-79.87721174955368
2,4.0,10.0,43.259125842121065,-79.87721174955368
3,4.5,57.0,43.259125842121065,-79.87721174955368
4,4.5,22.0,43.259125842121065,-79.87721174955368
5,4.5,12.0,43.259125842121065,-79.87721174955368
6,4.0,74.0,43.259125842121065,-79.87721174955368
7,3.5,6.0,43.259125842121065,-79.87721174955368
8,4.0,44.0,43.259125842121065,-79.87721174955368
9,4.5,13.0,43.259125842121065,-79.87721174955368
10,4.5,12.0,43.259125842121065,-79.87721174955368
11,4.5,12.0,43.259125842121065,-79.87721174955368
12,4.0,57.0,43.259125842121065,-79.87721174955368
13,4.5,8.0,43.259125842121065,-79.87721174955368
14,3.5,7.0,43.259125842121065,-79.87721174955368
15,4.5,7.0,43.259125842121065,-79.87721174955368
16,4.5,8.0,43.259125842121065,-79.87721174955368
17,4.5,2.0,43.259125842121065,-79.87721174955368
18,1.0,1.0,43.259125842121065,-79.87721174955368
19,3.5,9.0,43.259125842121065,-79.87721174955368
20,4.5,57.0,43.269288276229105,-79.87132698297499
21,4.0,74.0,43.269288276229105,-79.87132698297499
22,4.5,12.0,43.269288276229105,-79.87132698297499
23,4.0,57.0,43.269288276229105,-79.87132698297499
24,3.5,7.0,43.269288276229105,-79.87132698297499
25,3.0,29.0,43.269288276229105,-79.87132698297499
26,3.0,16.0,43.269288276229105,-79.87132698297499
27,4.5,8.0,43.269288276229105,-79.87132698297499
28,2.5,9.0,43.269288276229105,-79.87132698297499
29,4.0,2.0,43.269288276229105,-79.87132698297499
30,4.5,57.0,43.26785864558976,-79.8679232597351
31,4.5,12.0,43.26785864558976,-79.8679232597351
32,4.0,74.0,43.26785864558976,-79.8679232597351
33,4.0,57.0,43.26785864558976,-79.8679232597351
34,3.0,16.0,43.26785864558976,-79.8679232597351
35,3.5,7.0,43.26785864558976,-79.8679232597351
36,4.0,10.0,43.26785864558976,-79.8679232597351
37,4.5,14.0,43.26785864558976,-79.8679232597351
38,4.5,8.0,43.26785864558976,-79.8679232597351
39,3.0,29.0,43.26785864558976,-79.8679232597351
40,4.5,7.0,43.26785864558976,-79.8679232597351
41,4.5,8.0,43.26785864558976,-79.8679232597351
42,3.5,6.0,43.26785864558976,-79.8679232597351
43,2.5,9.0,43.26785864558976,-79.8679232597351
44,4.0,2.0,43.26785864558976,-79.8679232597351
45,4.0,175.0,43.263198441574474,-79.87180307507515
46,4.5,57.0,43.263198441574474,-79.87180307507515
47,4.0,74.0,43.263198441574474,-79.87180307507515
48,4.5,22.0,43.263198441574474,-79.87180307507515
49,4.0,57.0,43.263198441574474,-79.87180307507515
50,4.5,12.0,43.263198441574474,-79.87180307507515
51,4.0,44.0,43.263198441574474,-79.87180307507515
52,3.5,7.0,43.263198441574474,-79.87180307507515
53,4.0,10.0,43.263198441574474,-79.87180307507515
54,4.5,14.0,43.263198441574474,-79.87180307507515
55,4.5,8.0,43.263198441574474,-79.87180307507515
56,4.5,8.0,43.263198441574474,-79.87180307507515
57,4.5,12.0,43.263198441574474,-79.87180307507515
58,4.5,7.0,43.263198441574474,-79.87180307507515
59,3.5,20.0,43.263198441574474,-79.87180307507515
60,3.5,6.0,43.263198441574474,-79.87180307507515
61,4.5,2.0,43.263198441574474,-79.87180307507515
62,1.0,1.0,43.263198441574474,-79.87180307507515
63,3.0,16.0,43.263198441574474,-79.87180307507515
64,4.0,175.0,43.2561324863605,-79.8744987564414
65,4.5,22.0,43.2561324863605,-79.8744987564414
66,4.5,57.0,43.2561324863605,-79.8744987564414
67,4.0,44.0,43.2561324863605,-79.8744987564414
68,4.0,74.0,43.2561324863605,-79.8744987564414
69,4.0,10.0,43.2561324863605,-79.8744987564414
70,4.5,13.0,43.2561324863605,-79.8744987564414
71,4.5,14.0,43.2561324863605,-79.8744987564414
72,4.5,12.0,43.2561324863605,-79.8744987564414
73,4.5,12.0,43.2561324863605,-79.8744987564414
74,4.5,12.0,43.2561324863605,-79.8744987564414
75,4.0,57.0,43.2561324863605,-79.8744987564414
76,4.5,8.0,43.2561324863605,-79.8744987564414
77,3.5,6.0,43.2561324863605,-79.8744987564414
78,4.5,7.0,43.2561324863605,-79.8744987564414
79,3.5,7.0,43.2561324863605,-79.8744987564414
80,3.5,20.0,43.2561324863605,-79.8744987564414
81,4.5,8.0,43.2561324863605,-79.8744987564414
82,4.5,2.0,43.2561324863605,-79.8744987564414
83,4.0,1.0,43.2561324863605,-79.8744987564414
84,4.0,175.0,43.2538302267771,-79.8753935613187
85,4.5,22.0,43.2538302267771,-79.8753935613187
86,4.5,57.0,43.2538302267771,-79.8753935613187
87,4.5,13.0,43.2538302267771,-79.8753935613187
88,4.0,74.0,43.2538302267771,-79.8753935613187
89,4.0,44.0,43.2538302267771,-79.8753935613187
90,4.5,12.0,43.2538302267771,-79.8753935613187
91,4.0,10.0,43.2538302267771,-79.8753935613187
92,4.5,14.0,43.2538302267771,-79.8753935613187
93,4.5,12.0,43.2538302267771,-79.8753935613187
94,4.5,8.0,43.2538302267771,-79.8753935613187
95,3.5,20.0,43.2538302267771,-79.8753935613187
96,4.5,7.0,43.2538302267771,-79.8753935613187
97,4.5,8.0,43.2538302267771,-79.8753935613187
98,3.5,6.0,43.2538302267771,-79.8753935613187
99,3.5,9.0,43.2538302267771,-79.8753935613187
100,4.0,1.0,43.2538302267771,-79.8753935613187
101,1.0,1.0,43.2538302267771,-79.8753935613187
102,4.5,2.0,43.2538302267771,-79.8753935613187
103,1.0,1.0,43.2538302267771,-79.8753935613187
104,4.0,175.0,43.2496354495324,-79.8720555723035
105,4.5,13.0,43.2496354495324,-79.8720555723035
106,4.5,22.0,43.2496354495324,-79.8720555723035
107,4.0,44.0,43.2496354495324,-79.8720555723035
108,4.0,23.0,43.2496354495324,-79.8720555723035
109,4.0,1.0,43.2496354495324,-79.8720555723035
110,4.5,12.0,43.2496354495324,-79.8720555723035
111,3.5,9.0,43.2496354495324,-79.8720555723035
112,3.5,20.0,43.2496354495324,-79.8720555723035
113,1.0,1.0,43.2496354495324,-79.8720555723035
114,1.0,1.0,43.2496354495324,-79.8720555723035
115,4.5,2.0,43.2496354495324,-79.8720555723035
116,4.0,175.0,43.26456372689135,-79.8777937889099
117,4.5,57.0,43.26456372689135,-79.8777937889099
118,4.5,22.0,43.26456372689135,-79.8777937889099
119,4.0,74.0,43.26456372689135,-79.8777937889099
120,4.0,44.0,43.26456372689135,-79.8777937889099
121,4.5,12.0,43.26456372689135,-79.8777937889099
122,4.0,57.0,43.26456372689135,-79.8777937889099
123,4.0,10.0,43.26456372689135,-79.8777937889099
124,4.5,14.0,43.26456372689135,-79.8777937889099
125,4.5,12.0,43.26456372689135,-79.8777937889099
126,3.5,7.0,43.26456372689135,-79.8777937889099
127,4.5,8.0,43.26456372689135,-79.8777937889099
128,4.5,7.0,43.26456372689135,-79.8777937889099
129,4.5,8.0,43.26456372689135,-79.8777937889099
130,3.5,6.0,43.26456372689135,-79.8777937889099
131,1.0,1.0,43.26456372689135,-79.8777937889099
132,4.5,2.0,43.26456372689135,-79.8777937889099
133,3.0,16.0,43.26456372689135,-79.8777937889099
134,4.0,175.0,43.2618861338306,-79.877606006297
135,4.5,57.0,43.2618861338306,-79.877606006297
136,4.5,22.0,43.2618861338306,-79.877606006297
137,4.5,14.0,43.2618861338306,-79.877606006297
138,4.0,74.0,43.2618861338306,-79.877606006297
139,4.0,10.0,43.2618861338306,-79.877606006297
140,4.0,44.0,43.2618861338306,-79.877606006297
141,4.5,12.0,43.2618861338306,-79.877606006297
142,4.5,12.0,43.2618861338306,-79.877606006297
143,4.5,12.0,43.2618861338306,-79.877606006297
144,4.0,57.0,43.2618861338306,-79.877606006297
145,3.5,6.0,43.2618861338306,-79.877606006297
146,3.5,7.0,43.2618861338306,-79.877606006297
147,4.5,8.0,43.2618861338306,-79.877606006297
148,4.5,7.0,43.2618861338306,-79.877606006297
149,4.5,8.0,43.2618861338306,-79.877606006297
150,4.5,2.0,43.2618861338306,-79.877606006297
151,1.0,1.0,43.2618861338306,-79.877606006297
152,3.0,16.0,43.2618861338306,-79.877606006297
153,4.0,175.0,43.257877862291,-79.8561337635964
154,4.5,57.0,43.257877862291,-79.8561337635964
155,4.5,22.0,43.257877862291,-79.8561337635964
156,4.0,74.0,43.257877862291,-79.8561337635964
157,4.0,44.0,43.257877862291,-79.8561337635964
158,4.0,23.0,43.257877862291,-79.8561337635964
159,4.5,12.0,43.257877862291,-79.8561337635964
160,4.0,57.0,43.257877862291,-79.8561337635964
161,3.5,7.0,43.257877862291,-79.8561337635964
162,3.5,20.0,43.257877862291,-79.8561337635964
163,4.5,3.0,43.26271404114188,-79.91580605506897
164,2.5,19.0,43.26271404114188,-79.91580605506897
165,4.0,14.0,43.26271404114188,-79.91580605506897
166,5.0,1.0,43.26271404114188,-79.91580605506897
167,3.5,9.0,43.26271404114188,-79.91580605506897
168,3.5,4.0,43.26271404114188,-79.91580605506897
169,4.0,8.0,43.26271404114188,-79.91580605506897
170,5.0,7.0,43.25112644429895,-79.82740849256516
171,4.5,6.0,43.25112644429895,-79.82740849256516
172,3.5,3.0,43.25112644429895,-79.82740849256516
173,5.0,5.0,43.25112644429895,-79.82740849256516
174,5.0,1.0,43.25112644429895,-79.82740849256516
175,5.0,1.0,43.25112644429895,-79.82740849256516
176,4.5,12.0,43.2540651616154,-79.8819466027797
177,4.5,13.0,43.2540651616154,-79.8819466027797
178,4.5,12.0,43.2540651616154,-79.8819466027797
179,4.0,10.0,43.2540651616154,-79.8819466027797
180,4.5,14.0,43.2540651616154,-79.8819466027797
181,4.5,8.0,43.2540651616154,-79.8819466027797
182,4.5,7.0,43.2540651616154,-79.8819466027797
183,3.5,6.0,43.2540651616154,-79.8819466027797
184,4.0,1.0,43.2540651616154,-79.8819466027797
185,4.5,2.0,43.2540651616154,-79.8819466027797
186,3.5,9.0,43.2540651616154,-79.8819466027797
187,1.0,1.0,43.2540651616154,-79.8819466027797
188,4.0,175.0,43.255383107655966,-79.87889617681503
189,4.5,57.0,43.255383107655966,-79.87889617681503
190,4.5,22.0,43.255383107655966,-79.87889617681503
191,4.5,12.0,43.255383107655966,-79.87889617681503
192,4.0,74.0,43.255383107655966,-79.87889617681503
193,4.5,14.0,43.255383107655966,-79.87889617681503
194,4.0,44.0,43.255383107655966,-79.87889617681503
195,4.0,10.0,43.255383107655966,-79.87889617681503
196,4.5,13.0,43.255383107655966,-79.87889617681503
197,4.5,12.0,43.255383107655966,-79.87889617681503
198,4.5,8.0,43.255383107655966,-79.87889617681503
199,3.5,6.0,43.255383107655966,-79.87889617681503
200,4.5,7.0,43.255383107655966,-79.87889617681503
201,4.5,8.0,43.255383107655966,-79.87889617681503
202,4.0,1.0,43.255383107655966,-79.87889617681503
203,1.0,1.0,43.255383107655966,-79.87889617681503
204,4.5,2.0,43.255383107655966,-79.87889617681503
205,3.5,9.0,43.255383107655966,-79.87889617681503
206,1.0,1.0,43.255383107655966,-79.87889617681503
207,4.5,42.0,43.24943274108067,-79.8388883471489
208,4.5,6.0,43.24943274108067,-79.8388883471489
209,4.5,2.0,43.24943274108067,-79.8388883471489
210,3.5,3.0,43.24943274108067,-79.8388883471489
211,4.5,6.0,43.24634382646498,-79.82685998082161
212,4.5,7.0,43.24634382646498,-79.82685998082161
213,5.0,7.0,43.24634382646498,-79.82685998082161
214,3.5,3.0,43.24634382646498,-79.82685998082161
215,5.0,5.0,43.24634382646498,-79.82685998082161
216,5.0,1.0,43.24634382646498,-79.82685998082161
217,5.0,1.0,43.24634382646498,-79.82685998082161
218,4.5,12.0,43.2628018805713,-79.8827367298478
219,4.5,14.0,43.2628018805713,-79.8827367298478
220,4.0,10.0,43.2628018805713,-79.8827367298478
221,4.5,12.0,43.2628018805713,-79.8827367298478
222,4.5,8.0,43.2628018805713,-79.8827367298478
223,3.5,6.0,43.2628018805713,-79.8827367298478
224,4.5,14.0,43.2659146108256,-79.8819495909127
225,4.0,10.0,43.2659146108256,-79.8819495909127
226,4.5,12.0,43.2659146108256,-79.8819495909127
227,4.5,8.0,43.2659146108256,-79.8819495909127
228,4.5,7.0,43.2659146108256,-79.8819495909127
229,3.5,6.0,43.2659146108256,-79.8819495909127
230,4.5,2.0,43.2659146108256,-79.8819495909127
231,4.5,13.0,43.2488085584277,-79.8836993988543
232,4.5,12.0,43.2488085584277,-79.8836993988543
233,3.5,9.0,43.2488085584277,-79.8836993988543
234,1.0,1.0,43.2488085584277,-79.8836993988543
235,4.5,12.0,43.26240933566922,-79.88798081874847
236,4.0,10.0,43.26240933566922,-79.88798081874847
237,4.5,14.0,43.26240933566922,-79.88798081874847
238,4.5,12.0,43.26240933566922,-79.88798081874847
239,3.5,6.0,43.26240933566922,-79.88798081874847
240,4.5,12.0,43.25966301112219,-79.8892092704773
241,4.5,14.0,43.25966301112219,-79.8892092704773
242,4.5,12.0,43.25966301112219,-79.8892092704773
243,4.5,12.0,43.2548127612063,-79.8909067737901
244,4.5,12.0,43.2548127612063,-79.8909067737901
245,2.5,19.0,43.262460120020584,-79.92224670946598
246,4.5,3.0,43.262460120020584,-79.92224670946598
247,3.5,9.0,43.262460120020584,-79.92224670946598
248,3.5,4.0,43.262460120020584,-79.92224670946598
249,2.0,1.0,43.262460120020584,-79.92224670946598
250,2.5,19.0,43.26053126154136,-79.91824820637703
251,3.5,9.0,43.26053126154136,-79.91824820637703
252,4.5,3.0,43.26053126154136,-79.91824820637703
253,4.0,14.0,43.26053126154136,-79.91824820637703
254,3.5,4.0,43.26053126154136,-79.91824820637703
255,4.0,8.0,43.26053126154136,-79.91824820637703
256,2.0,1.0,43.26053126154136,-79.91824820637703
257,2.5,19.0,43.2599690032886,-79.922358671032
258,3.5,9.0,43.2599690032886,-79.922358671032
259,3.5,4.0,43.2599690032886,-79.922358671032
260,4.5,3.0,43.2599690032886,-79.922358671032
261,2.0,1.0,43.2599690032886,-79.922358671032
262,2.5,19.0,43.258038792898375,-79.91978779435158
263,3.5,9.0,43.258038792898375,-79.91978779435158
264,3.5,4.0,43.258038792898375,-79.91978779435158
265,4.5,3.0,43.258038792898375,-79.91978779435158
266,2.0,1.0,43.258038792898375,-79.91978779435158
267,4.0,14.0,43.2662112220324,-79.8993094512
268,5.0,1.0,43.2662112220324,-79.8993094512
269,4.0,8.0,43.2662112220324,-79.8993094512
270,4.0,14.0,43.2630174571678,-79.9009418422827
271,5.0,1.0,43.2630174571678,-79.9009418422827
272,4.0,8.0,43.2630174571678,-79.9009418422827
273,4.0,14.0,43.25656885270854,-79.9011692404747
274,5.0,1.0,43.25656885270854,-79.9011692404747
275,4.0,8.0,43.25656885270854,-79.9011692404747
276,4.5,12.0,43.2621672804245,-79.8964982026467
277,4.0,14.0,43.2621672804245,-79.8964982026467
278,5.0,1.0,43.2621672804245,-79.8964982026467
279,4.0,8.0,43.2621672804245,-79.8964982026467
280,4.5,12.0,43.251458458948996,-79.89265590906143
281,4.0,87.0,43.26547419149645,-79.94765996932983
282,3.5,49.0,43.26547419149645,-79.94765996932983
283,4.0,12.0,43.26547419149645,-79.94765996932983
284,5.0,2.0,43.26547419149645,-79.94765996932983
285,2.0,3.0,43.26547419149645,-79.94765996932983
286,4.5,12.0,43.25650634283747,-79.88345324993132
287,4.5,13.0,43.25650634283747,-79.88345324993132
288,4.5,12.0,43.25650634283747,-79.88345324993132
289,4.5,14.0,43.25650634283747,-79.88345324993132
290,4.0,10.0,43.25650634283747,-79.88345324993132
291,3.5,6.0,43.25650634283747,-79.88345324993132
292,4.0,1.0,43.25650634283747,-79.88345324993132
293,3.5,9.0,43.25650634283747,-79.88345324993132
294,1.0,1.0,43.25650634283747,-79.88345324993132
295,2.5,19.0,43.2546745875963,-79.9208028150996
296,3.5,9.0,43.2546745875963,-79.9208028150996
297,3.5,4.0,43.2546745875963,-79.9208028150996
298,4.5,3.0,43.2546745875963,-79.9208028150996
299,2.0,1.0,43.2546745875963,-79.9208028150996
300,4.0,14.0,43.26201477888108,-79.90508794784544
301,5.0,1.0,43.26201477888108,-79.90508794784544
302,4.0,8.0,43.26201477888108,-79.90508794784544
303,4.0,14.0,43.262715994377196,-79.90359663963316
304,5.0,1.0,43.262715994377196,-79.90359663963316
305,4.0,8.0,43.262715994377196,-79.90359663963316
306,2.5,19.0,43.2521423210113,-79.9222158171462
307,3.5,9.0,43.2521423210113,-79.9222158171462
308,3.5,4.0,43.2521423210113,-79.9222158171462
309,2.0,1.0,43.2521423210113,-79.9222158171462
310,4.0,14.0,43.2622271626907,-79.9133658840373
311,2.5,19.0,43.2622271626907,-79.9133658840373
312,4.5,3.0,43.2622271626907,-79.9133658840373
313,5.0,1.0,43.2622271626907,-79.9133658840373
314,3.5,9.0,43.2622271626907,-79.9133658840373
315,4.0,8.0,43.2622271626907,-79.9133658840373
316,3.5,4.0,43.2622271626907,-79.9133658840373
317,4.0,14.0,43.26202552179778,-79.91026729345322
318,5.0,1.0,43.26202552179778,-79.91026729345322
319,4.0,8.0,43.26202552179778,-79.91026729345322
320,2.5,19.0,43.26202552179778,-79.91026729345322
321,3.5,9.0,43.26202552179778,-79.91026729345322
322,4.5,3.0,43.26202552179778,-79.91026729345322
323,3.5,4.0,43.26202552179778,-79.91026729345322
324,2.5,19.0,43.2599031676959,-79.9264810904732
325,3.5,9.0,43.2599031676959,-79.9264810904732
326,4.5,3.0,43.2599031676959,-79.9264810904732
327,3.5,8.0,43.2599031676959,-79.9264810904732
328,3.5,4.0,43.2599031676959,-79.9264810904732
329,2.0,1.0,43.2599031676959,-79.9264810904732
330,4.0,14.0,43.2605367847852,-79.9092948353051
331,4.0,8.0,43.2605367847852,-79.9092948353051
332,5.0,1.0,43.2605367847852,-79.9092948353051
333,2.5,19.0,43.2605367847852,-79.9092948353051
334,3.5,9.0,43.2605367847852,-79.9092948353051
335,4.5,3.0,43.2605367847852,-79.9092948353051
336,3.5,4.0,43.2605367847852,-79.9092948353051
337,2.5,19.0,43.2535916384655,-79.9166152756283
338,3.5,9.0,43.2535916384655,-79.9166152756283
339,4.0,14.0,43.2535916384655,-79.9166152756283
340,5.0,1.0,43.2535916384655,-79.9166152756283
341,3.5,4.0,43.2535916384655,-79.9166152756283
342,4.0,8.0,43.2535916384655,-79.9166152756283
343,2.0,1.0,43.2535916384655,-79.9166152756283
344,4.0,14.0,43.2585671813327,-79.90785866975784
345,2.5,19.0,43.2585671813327,-79.90785866975784
346,4.0,8.0,43.2585671813327,-79.90785866975784
347,5.0,1.0,43.2585671813327,-79.90785866975784
348,3.5,9.0,43.2585671813327,-79.90785866975784
349,4.5,3.0,43.2585671813327,-79.90785866975784
350,3.5,4.0,43.2585671813327,-79.90785866975784
351,4.0,87.0,43.26595632543361,-79.95375394821166
352,3.5,49.0,43.26595632543361,-79.95375394821166
353,4.0,12.0,43.26595632543361,-79.95375394821166
354,5.0,2.0,43.26595632543361,-79.95375394821166
355,2.0,3.0,43.26595632543361,-79.95375394821166
356,4.0,175.0,43.25343546641674,-79.86948698759079
357,4.5,22.0,43.25343546641674,-79.86948698759079
358,4.0,44.0,43.25343546641674,-79.86948698759079
359,4.5,57.0,43.25343546641674,-79.86948698759079
360,4.5,13.0,43.25343546641674,-79.86948698759079
361,4.0,74.0,43.25343546641674,-79.86948698759079
362,4.0,23.0,43.25343546641674,-79.86948698759079
363,4.0,10.0,43.25343546641674,-79.86948698759079
364,4.5,14.0,43.25343546641674,-79.86948698759079
365,4.5,12.0,43.25343546641674,-79.86948698759079
366,3.5,20.0,43.25343546641674,-79.86948698759079
367,4.5,8.0,43.25343546641674,-79.86948698759079
368,3.5,9.0,43.25343546641674,-79.86948698759079
369,4.5,7.0,43.25343546641674,-79.86948698759079
370,4.5,8.0,43.25343546641674,-79.86948698759079
371,4.0,1.0,43.25343546641674,-79.86948698759079
372,3.5,6.0,43.25343546641674,-79.86948698759079
373,4.5,2.0,43.25343546641674,-79.86948698759079
374,1.0,1.0,43.25343546641674,-79.86948698759079
375,1.0,1.0,43.25343546641674,-79.86948698759079
376,4.0,175.0,43.2515957745917,-79.8749090863127
377,4.5,13.0,43.2515957745917,-79.8749090863127
378,4.5,22.0,43.2515957745917,-79.8749090863127
379,4.0,44.0,43.2515957745917,-79.8749090863127
380,4.5,12.0,43.2515957745917,-79.8749090863127
381,4.0,10.0,43.2515957745917,-79.8749090863127
382,4.5,14.0,43.2515957745917,-79.8749090863127
383,4.5,12.0,43.2515957745917,-79.8749090863127
384,4.5,8.0,43.2515957745917,-79.8749090863127
385,3.5,9.0,43.2515957745917,-79.8749090863127
386,4.0,1.0,43.2515957745917,-79.8749090863127
387,3.5,20.0,43.2515957745917,-79.8749090863127
388,4.5,7.0,43.2515957745917,-79.8749090863127
389,3.5,6.0,43.2515957745917,-79.8749090863127
390,1.0,1.0,43.2515957745917,-79.8749090863127
391,1.0,1.0,43.2515957745917,-79.8749090863127
392,4.5,2.0,43.2515957745917,-79.8749090863127
393,2.5,19.0,43.25802547698811,-79.91383865476678
394,3.5,9.0,43.25802547698811,-79.91383865476678
395,4.0,14.0,43.25802547698811,-79.91383865476678
396,3.5,4.0,43.25802547698811,-79.91383865476678
397,5.0,1.0,43.25802547698811,-79.91383865476678
398,4.5,3.0,43.25802547698811,-79.91383865476678
399,4.0,8.0,43.25802547698811,-79.91383865476678
400,4.0,175.0,43.254529435061336,-79.86718028783798
401,4.5,22.0,43.254529435061336,-79.86718028783798
402,4.0,44.0,43.254529435061336,-79.86718028783798
403,4.5,57.0,43.254529435061336,-79.86718028783798
404,4.0,74.0,43.254529435061336,-79.86718028783798
405,4.5,13.0,43.254529435061336,-79.86718028783798
406,4.0,23.0,43.254529435061336,-79.86718028783798
407,3.5,20.0,43.254529435061336,-79.86718028783798
408,4.0,57.0,43.254529435061336,-79.86718028783798
409,4.0,10.0,43.254529435061336,-79.86718028783798
410,4.5,14.0,43.254529435061336,-79.86718028783798
411,4.5,12.0,43.254529435061336,-79.86718028783798
412,4.5,8.0,43.254529435061336,-79.86718028783798
413,3.5,7.0,43.254529435061336,-79.86718028783798
414,4.5,7.0,43.254529435061336,-79.86718028783798
415,4.5,8.0,43.254529435061336,-79.86718028783798
416,1.0,1.0,43.254529435061336,-79.86718028783798
417,4.5,2.0,43.254529435061336,-79.86718028783798
418,3.5,6.0,43.254529435061336,-79.86718028783798
419,4.0,1.0,43.254529435061336,-79.86718028783798
420,4.5,42.0,43.25161474646046,-79.83134329318999
421,4.5,6.0,43.25161474646046,-79.83134329318999
422,3.5,3.0,43.25161474646046,-79.83134329318999
423,3.5,8.0,43.2572539435115,-79.9342255404988
424,2.0,3.0,43.2572539435115,-79.9342255404988
425,2.0,1.0,43.2572539435115,-79.9342255404988
426,3.5,8.0,43.25205234935895,-79.93979036808014
427,2.0,3.0,43.25205234935895,-79.93979036808014
428,2.0,1.0,43.25205234935895,-79.93979036808014
429,3.5,49.0,43.2595496051254,-79.9426434441838
430,2.0,3.0,43.2595496051254,-79.9426434441838
431,3.5,8.0,43.2595496051254,-79.9426434441838
432,4.5,42.0,43.26044140942891,-79.83437284827232
433,4.0,7.0,43.26044140942891,-79.83437284827232
434,2.5,19.0,43.25875372772543,-79.92979913949966
435,3.5,8.0,43.25875372772543,-79.92979913949966
436,3.5,9.0,43.25875372772543,-79.92979913949966
437,4.5,3.0,43.25875372772543,-79.92979913949966
438,3.5,4.0,43.25875372772543,-79.92979913949966
439,2.0,1.0,43.25875372772543,-79.92979913949966
440,3.5,8.0,43.2518522355378,-79.9354198942367
441,2.0,3.0,43.2518522355378,-79.9354198942367
442,2.0,1.0,43.2518522355378,-79.9354198942367
443,4.0,175.0,43.26181945279216,-79.86674308776855
444,4.5,57.0,43.26181945279216,-79.86674308776855
445,4.0,74.0,43.26181945279216,-79.86674308776855
446,4.5,12.0,43.26181945279216,-79.86674308776855
447,4.5,22.0,43.26181945279216,-79.86674308776855
448,4.0,57.0,43.26181945279216,-79.86674308776855
449,3.5,7.0,43.26181945279216,-79.86674308776855
450,4.0,44.0,43.26181945279216,-79.86674308776855
451,4.5,8.0,43.26181945279216,-79.86674308776855
452,4.0,23.0,43.26181945279216,-79.86674308776855
453,4.5,8.0,43.26181945279216,-79.86674308776855
454,4.0,10.0,43.26181945279216,-79.86674308776855
455,4.5,14.0,43.26181945279216,-79.86674308776855
456,4.5,12.0,43.26181945279216,-79.86674308776855
457,4.5,7.0,43.26181945279216,-79.86674308776855
458,3.5,20.0,43.26181945279216,-79.86674308776855
459,4.5,2.0,43.26181945279216,-79.86674308776855
460,3.5,6.0,43.26181945279216,-79.86674308776855
461,1.0,1.0,43.26181945279216,-79.86674308776855
462,3.0,16.0,43.26181945279216,-79.86674308776855
463,4.5,12.0,43.25940517059312,-79.89262372255325
464,4.0,175.0,43.256316859398744,-79.86866354942322
465,4.5,22.0,43.256316859398744,-79.86866354942322
466,4.0,44.0,43.256316859398744,-79.86866354942322
467,4.5,57.0,43.256316859398744,-79.86866354942322
468,4.0,74.0,43.256316859398744,-79.86866354942322
469,4.5,13.0,43.256316859398744,-79.86866354942322
470,4.5,12.0,43.256316859398744,-79.86866354942322
471,4.5,8.0,43.256316859398744,-79.86866354942322
472,4.0,23.0,43.256316859398744,-79.86866354942322
473,4.0,57.0,43.256316859398744,-79.86866354942322
474,4.0,10.0,43.256316859398744,-79.86866354942322
475,4.5,7.0,43.256316859398744,-79.86866354942322
476,4.5,14.0,43.256316859398744,-79.86866354942322
477,4.5,12.0,43.256316859398744,-79.86866354942322
478,3.5,20.0,43.256316859398744,-79.86866354942322
479,4.5,2.0,43.256316859398744,-79.86866354942322
480,1.0,1.0,43.256316859398744,-79.86866354942322
481,3.5,7.0,43.256316859398744,-79.86866354942322
482,4.5,8.0,43.256316859398744,-79.86866354942322
483,3.5,6.0,43.256316859398744,-79.86866354942322
484,4.0,175.0,43.2494985579078,-79.859726111821
485,4.5,22.0,43.2494985579078,-79.859726111821
486,4.0,23.0,43.2494985579078,-79.859726111821
487,4.0,44.0,43.2494985579078,-79.859726111821
488,4.5,13.0,43.2494985579078,-79.859726111821
489,3.5,20.0,43.2494985579078,-79.859726111821
490,4.5,2.0,43.2494985579078,-79.859726111821
491,4.0,1.0,43.2494985579078,-79.859726111821
492,1.0,1.0,43.2494985579078,-79.859726111821
493,4.5,2.0,43.2494985579078,-79.859726111821
494,3.5,9.0,43.2494985579078,-79.859726111821
495,1.0,1.0,43.2494985579078,-79.859726111821
496,4.0,175.0,43.254154362311304,-79.85582381486893
497,4.5,57.0,43.254154362311304,-79.85582381486893
498,4.5,22.0,43.254154362311304,-79.85582381486893
499,4.0,23.0,43.254154362311304,-79.85582381486893
500,4.0,74.0,43.254154362311304,-79.85582381486893
501,4.0,44.0,43.254154362311304,-79.85582381486893
502,4.0,57.0,43.254154362311304,-79.85582381486893
503,3.5,20.0,43.254154362311304,-79.85582381486893
504,3.5,7.0,43.254154362311304,-79.85582381486893
505,4.5,42.0,43.25199038416551,-79.84910354018211
506,4.0,23.0,43.25199038416551,-79.84910354018211
507,4.5,42.0,43.2559617394464,-79.8475054418754
508,4.0,175.0,43.2523698048509,-79.86883386969566
509,4.5,22.0,43.2523698048509,-79.86883386969566
510,4.5,13.0,43.2523698048509,-79.86883386969566
511,4.5,57.0,43.2523698048509,-79.86883386969566
512,4.0,44.0,43.2523698048509,-79.86883386969566
513,4.0,23.0,43.2523698048509,-79.86883386969566
514,4.0,10.0,43.2523698048509,-79.86883386969566
515,4.5,14.0,43.2523698048509,-79.86883386969566
516,4.5,12.0,43.2523698048509,-79.86883386969566
517,3.5,20.0,43.2523698048509,-79.86883386969566
518,3.5,9.0,43.2523698048509,-79.86883386969566
519,4.5,8.0,43.2523698048509,-79.86883386969566
520,4.0,1.0,43.2523698048509,-79.86883386969566
521,4.5,7.0,43.2523698048509,-79.86883386969566
522,4.5,8.0,43.2523698048509,-79.86883386969566
523,3.5,6.0,43.2523698048509,-79.86883386969566
524,1.0,1.0,43.2523698048509,-79.86883386969566
525,1.0,1.0,43.2523698048509,-79.86883386969566
526,4.5,2.0,43.2523698048509,-79.86883386969566
527,4.5,12.0,43.272362258983364,-79.86627101898192
528,3.0,29.0,43.272362258983364,-79.86627101898192
529,2.5,9.0,43.272362258983364,-79.86627101898192
530,4.0,2.0,43.272362258983364,-79.86627101898192
531,3.0,16.0,43.272362258983364,-79.86627101898192
532,2.5,19.0,43.2554850097816,-79.9298771288198
533,3.5,8.0,43.2554850097816,-79.9298771288198
534,3.5,9.0,43.2554850097816,-79.9298771288198
535,2.0,1.0,43.2554850097816,-79.9298771288198
536,4.5,3.0,43.2554850097816,-79.9298771288198
537,3.5,4.0,43.2554850097816,-79.9298771288198
538,4.5,12.0,43.25672417073905,-79.88822355870525
539,4.0,10.0,43.25672417073905,-79.88822355870525
540,4.5,14.0,43.25672417073905,-79.88822355870525
541,4.5,12.0,43.25672417073905,-79.88822355870525
542,3.5,6.0,43.25672417073905,-79.88822355870525
543,5.0,7.0,43.2475653052787,-79.8180502653122
544,4.5,7.0,43.2475653052787,-79.8180502653122
545,5.0,1.0,43.2475653052787,-79.8180502653122
546,5.0,1.0,43.2475653052787,-79.8180502653122
547,5.0,5.0,43.2475653052787,-79.8180502653122
548,5.0,1.0,43.2475653052787,-79.8180502653122
549,3.5,3.0,43.2475653052787,-79.8180502653122
550,3.5,3.0,43.2475653052787,-79.8180502653122
551,4.0,175.0,43.25911119199103,-79.86361294984816
552,4.5,57.0,43.25911119199103,-79.86361294984816
553,4.5,22.0,43.25911119199103,-79.86361294984816
554,4.0,74.0,43.25911119199103,-79.86361294984816
555,4.0,44.0,43.25911119199103,-79.86361294984816
556,4.0,57.0,43.25911119199103,-79.86361294984816
557,4.5,12.0,43.25911119199103,-79.86361294984816
558,4.5,13.0,43.25911119199103,-79.86361294984816
559,4.0,23.0,43.25911119199103,-79.86361294984816
560,3.5,7.0,43.25911119199103,-79.86361294984816
561,3.5,20.0,43.25911119199103,-79.86361294984816
562,4.5,8.0,43.25911119199103,-79.86361294984816
563,4.5,8.0,43.25911119199103,-79.86361294984816
564,4.5,7.0,43.25911119199103,-79.86361294984816
565,1.0,1.0,43.25911119199103,-79.86361294984816
566,4.5,2.0,43.25911119199103,-79.86361294984816
567,3.5,9.0,43.25911119199103,-79.86361294984816
568,3.0,16.0,43.25911119199103,-79.86361294984816
569,1.0,1.0,43.25911119199103,-79.86361294984816
570,4.5,6.0,43.24344818701565,-79.83040988445282
571,4.5,7.0,43.24344818701565,-79.83040988445282
572,3.5,3.0,43.24344818701565,-79.83040988445282
573,4.0,23.0,43.2480454302898,-79.8495236914621
574,4.5,2.0,43.2480454302898,-79.8495236914621
575,4.5,6.0,43.245150946389735,-79.83708053827286
576,3.5,3.0,43.245150946389735,-79.83708053827286
577,4.5,42.0,43.25504613306136,-79.84128892421722
578,3.5,3.0,43.25504613306136,-79.84128892421722
579,4.5,42.0,43.2533992835566,-79.8374917817979
580,4.5,6.0,43.2533992835566,-79.8374917817979
581,3.5,3.0,43.2533992835566,-79.8374917817979
582,4.0,175.0,43.25901059433612,-79.86919194459914
583,4.5,57.0,43.25901059433612,-79.86919194459914
584,4.5,22.0,43.25901059433612,-79.86919194459914
585,4.0,74.0,43.25901059433612,-79.86919194459914
586,4.0,44.0,43.25901059433612,-79.86919194459914
587,4.5,8.0,43.25901059433612,-79.86919194459914
588,4.0,57.0,43.25901059433612,-79.86919194459914
589,4.5,13.0,43.25901059433612,-79.86919194459914
590,4.5,7.0,43.25901059433612,-79.86919194459914
591,4.5,12.0,43.25901059433612,-79.86919194459914
592,4.5,8.0,43.25901059433612,-79.86919194459914
593,4.0,23.0,43.25901059433612,-79.86919194459914
594,4.0,10.0,43.25901059433612,-79.86919194459914
595,4.5,2.0,43.25901059433612,-79.86919194459914
596,3.5,7.0,43.25901059433612,-79.86919194459914
597,4.5,14.0,43.25901059433612,-79.86919194459914
598,4.5,12.0,43.25901059433612,-79.86919194459914
599,1.0,1.0,43.25901059433612,-79.86919194459914
600,3.5,20.0,43.25901059433612,-79.86919194459914
601,3.5,6.0,43.25901059433612,-79.86919194459914
602,4.5,3.0,43.26462232214244,-79.91868138313293
603,2.5,19.0,43.26462232214244,-79.91868138313293
604,4.0,14.0,43.26462232214244,-79.91868138313293
605,3.5,9.0,43.26462232214244,-79.91868138313293
606,3.5,4.0,43.26462232214244,-79.91868138313293
607,4.0,8.0,43.26462232214244,-79.91868138313293
608,5.0,7.0,43.252910500996364,-79.82217215001583
609,4.5,6.0,43.252910500996364,-79.82217215001583
610,5.0,5.0,43.252910500996364,-79.82217215001583
611,5.0,1.0,43.252910500996364,-79.82217215001583
612,3.5,3.0,43.252910500996364,-79.82217215001583
613,5.0,1.0,43.252910500996364,-79.82217215001583
614,5.0,7.0,43.25147804372769,-79.81602117419243
615,5.0,5.0,43.25147804372769,-79.81602117419243
616,5.0,1.0,43.25147804372769,-79.81602117419243
617,5.0,1.0,43.25147804372769,-79.81602117419243
618,5.0,1.0,43.25147804372769,-79.81602117419243
619,3.5,3.0,43.25147804372769,-79.81602117419243
620,4.0,175.0,43.25519606248058,-79.86437804996967
621,4.5,22.0,43.25519606248058,-79.86437804996967
622,4.0,44.0,43.25519606248058,-79.86437804996967
623,4.5,57.0,43.25519606248058,-79.86437804996967
624,4.0,23.0,43.25519606248058,-79.86437804996967
625,4.0,74.0,43.25519606248058,-79.86437804996967
626,3.5,20.0,43.25519606248058,-79.86437804996967
627,4.5,13.0,43.25519606248058,-79.86437804996967
628,4.0,57.0,43.25519606248058,-79.86437804996967
629,4.0,10.0,43.25519606248058,-79.86437804996967
630,3.5,7.0,43.25519606248058,-79.86437804996967
631,4.5,8.0,43.25519606248058,-79.86437804996967
632,4.5,7.0,43.25519606248058,-79.86437804996967
633,4.5,8.0,43.25519606248058,-79.86437804996967
634,1.0,1.0,43.25519606248058,-79.86437804996967
635,4.0,1.0,43.25519606248058,-79.86437804996967
636,4.5,2.0,43.25519606248058,-79.86437804996967
637,3.5,9.0,43.25519606248058,-79.86437804996967
638,1.0,1.0,43.25519606248058,-79.86437804996967
639,4.5,6.0,43.24333095563425,-79.84050840139389
640,4.5,2.0,43.24333095563425,-79.84050840139389
641,3.5,3.0,43.24333095563425,-79.84050840139389
642,4.5,6.0,43.24814116192469,-79.84201848506926
643,4.5,2.0,43.24814116192469,-79.84201848506926
644,4.5,22.0,43.2480282225403,-79.8550984051804
645,4.0,44.0,43.2480282225403,-79.8550984051804
646,4.0,23.0,43.2480282225403,-79.8550984051804
647,3.5,20.0,43.2480282225403,-79.8550984051804
648,4.5,2.0,43.2480282225403,-79.8550984051804
649,5.0,2.0,43.2480282225403,-79.8550984051804
650,4.0,23.0,43.24487936776345,-79.85186353325844
651,4.5,2.0,43.24487936776345,-79.85186353325844
652,5.0,2.0,43.24487936776345,-79.85186353325844
653,4.0,175.0,43.2551792486624,-79.8614431097373
654,4.5,22.0,43.2551792486624,-79.8614431097373
655,4.0,23.0,43.2551792486624,-79.8614431097373
656,4.5,57.0,43.2551792486624,-79.8614431097373
657,4.0,44.0,43.2551792486624,-79.8614431097373
658,4.0,74.0,43.2551792486624,-79.8614431097373
659,3.5,20.0,43.2551792486624,-79.8614431097373
660,4.5,13.0,43.2551792486624,-79.8614431097373
661,4.0,57.0,43.2551792486624,-79.8614431097373
662,3.5,7.0,43.2551792486624,-79.8614431097373
663,4.5,8.0,43.2551792486624,-79.8614431097373
664,4.5,7.0,43.2551792486624,-79.8614431097373
665,4.5,8.0,43.2551792486624,-79.8614431097373
666,4.0,1.0,43.2551792486624,-79.8614431097373
667,1.0,1.0,43.2551792486624,-79.8614431097373
668,4.5,2.0,43.2551792486624,-79.8614431097373
669,3.5,9.0,43.2551792486624,-79.8614431097373
670,1.0,1.0,43.2551792486624,-79.8614431097373
671,4.0,175.0,43.2587508364231,-79.8598228455297
672,4.5,57.0,43.2587508364231,-79.8598228455297
673,4.5,22.0,43.2587508364231,-79.8598228455297
674,4.0,74.0,43.2587508364231,-79.8598228455297
675,4.0,44.0,43.2587508364231,-79.8598228455297
676,4.0,23.0,43.2587508364231,-79.8598228455297
677,4.5,12.0,43.2587508364231,-79.8598228455297
678,4.5,13.0,43.2587508364231,-79.8598228455297
679,4.0,57.0,43.2587508364231,-79.8598228455297
680,3.5,7.0,43.2587508364231,-79.8598228455297
681,3.5,20.0,43.2587508364231,-79.8598228455297
682,4.5,8.0,43.2587508364231,-79.8598228455297
683,4.5,7.0,43.2587508364231,-79.8598228455297
684,4.5,8.0,43.2587508364231,-79.8598228455297
685,1.0,1.0,43.2587508364231,-79.8598228455297
686,4.5,2.0,43.2587508364231,-79.8598228455297
687,3.5,9.0,43.2587508364231,-79.8598228455297
688,3.0,16.0,43.2587508364231,-79.8598228455297
689,1.0,1.0,43.2587508364231,-79.8598228455297
690,4.5,42.0,43.26124519046125,-79.853318631649
691,4.5,12.0,43.26124519046125,-79.853318631649
692,4.0,23.0,43.26124519046125,-79.853318631649
693,3.5,20.0,43.26124519046125,-79.853318631649
694,4.5,42.0,43.26534015820083,-79.84364993870258
695,4.0,7.0,43.26534015820083,-79.84364993870258
696,4.5,42.0,43.25632467316046,-79.83628392219543
697,3.5,3.0,43.25632467316046,-79.83628392219543
698,4.5,42.0,43.2552894386678,-79.83144521713257
699,3.5,3.0,43.2552894386678,-79.83144521713257
700,4.0,175.0,43.2492552510953,-79.8641461491451
701,4.5,22.0,43.2492552510953,-79.8641461491451
702,4.5,13.0,43.2492552510953,-79.8641461491451
703,4.0,44.0,43.2492552510953,-79.8641461491451
704,4.0,23.0,43.2492552510953,-79.8641461491451
705,3.5,20.0,43.2492552510953,-79.8641461491451
706,4.0,1.0,43.2492552510953,-79.8641461491451
707,1.0,1.0,43.2492552510953,-79.8641461491451
708,4.5,2.0,43.2492552510953,-79.8641461491451
709,3.5,9.0,43.2492552510953,-79.8641461491451
710,1.0,1.0,43.2492552510953,-79.8641461491451
711,4.0,175.0,43.251798383773966,-79.86318781971931
712,4.5,22.0,43.251798383773966,-79.86318781971931
713,4.0,23.0,43.251798383773966,-79.86318781971931
714,4.0,44.0,43.251798383773966,-79.86318781971931
715,4.5,13.0,43.251798383773966,-79.86318781971931
716,3.5,20.0,43.251798383773966,-79.86318781971931
717,4.5,8.0,43.251798383773966,-79.86318781971931
718,4.5,7.0,43.251798383773966,-79.86318781971931
719,4.0,1.0,43.251798383773966,-79.86318781971931
720,1.0,1.0,43.251798383773966,-79.86318781971931
721,4.5,2.0,43.251798383773966,-79.86318781971931
722,3.5,9.0,43.251798383773966,-79.86318781971931
723,1.0,1.0,43.251798383773966,-79.86318781971931
724,4.5,3.0,43.26471509784132,-79.91574570536613
725,2.5,19.0,43.26471509784132,-79.91574570536613
726,4.0,14.0,43.26471509784132,-79.91574570536613
727,5.0,1.0,43.26471509784132,-79.91574570536613
728,3.5,9.0,43.26471509784132,-79.91574570536613
729,3.5,4.0,43.26471509784132,-79.91574570536613
730,4.0,8.0,43.26471509784132,-79.91574570536613
731,4.0,175.0,43.25281814686537,-79.86008584499359
732,4.0,23.0,43.25281814686537,-79.86008584499359
733,4.5,22.0,43.25281814686537,-79.86008584499359
734,4.5,57.0,43.25281814686537,-79.86008584499359
735,4.0,74.0,43.25281814686537,-79.86008584499359
736,4.0,44.0,43.25281814686537,-79.86008584499359
737,4.5,13.0,43.25281814686537,-79.86008584499359
738,3.5,20.0,43.25281814686537,-79.86008584499359
739,4.5,8.0,43.25281814686537,-79.86008584499359
740,4.5,7.0,43.25281814686537,-79.86008584499359
741,4.5,8.0,43.25281814686537,-79.86008584499359
742,4.0,1.0,43.25281814686537,-79.86008584499359
743,1.0,1.0,43.25281814686537,-79.86008584499359
744,4.5,2.0,43.25281814686537,-79.86008584499359
745,3.5,9.0,43.25281814686537,-79.86008584499359
746,1.0,1.0,43.25281814686537,-79.86008584499359
747,4.5,3.0,43.26274333966465,-79.91714715957642
748,2.5,19.0,43.26274333966465,-79.91714715957642
749,4.0,14.0,43.26274333966465,-79.91714715957642
750,3.5,9.0,43.26274333966465,-79.91714715957642
751,5.0,1.0,43.26274333966465,-79.91714715957642
752,3.5,4.0,43.26274333966465,-79.91714715957642
753,4.0,8.0,43.26274333966465,-79.91714715957642
754,2.0,1.0,43.26274333966465,-79.91714715957642
755,4.0,175.0,43.25851444036409,-79.87894982099533
756,4.5,14.0,43.25851444036409,-79.87894982099533
757,4.0,10.0,43.25851444036409,-79.87894982099533
758,4.5,57.0,43.25851444036409,-79.87894982099533
759,4.5,22.0,43.25851444036409,-79.87894982099533
760,4.5,12.0,43.25851444036409,-79.87894982099533
761,4.0,74.0,43.25851444036409,-79.87894982099533
762,4.0,44.0,43.25851444036409,-79.87894982099533
763,4.5,13.0,43.25851444036409,-79.87894982099533
764,4.5,12.0,43.25851444036409,-79.87894982099533
765,3.5,6.0,43.25851444036409,-79.87894982099533
766,4.5,8.0,43.25851444036409,-79.87894982099533
767,4.5,7.0,43.25851444036409,-79.87894982099533
768,4.5,8.0,43.25851444036409,-79.87894982099533
769,1.0,1.0,43.25851444036409,-79.87894982099533
770,4.5,2.0,43.25851444036409,-79.87894982099533
771,3.5,9.0,43.25851444036409,-79.87894982099533
772,1.0,1.0,43.25851444036409,-79.87894982099533
773,4.0,74.0,43.2701169222876,-79.861626657542
774,4.5,12.0,43.2701169222876,-79.861626657542
775,4.0,57.0,43.2701169222876,-79.861626657542
776,3.0,29.0,43.2701169222876,-79.861626657542
777,3.5,7.0,43.2701169222876,-79.861626657542
778,2.5,9.0,43.2701169222876,-79.861626657542
779,4.0,2.0,43.2701169222876,-79.861626657542
780,3.0,16.0,43.2701169222876,-79.861626657542
781,3.0,29.0,43.27606684636728,-79.86029773950577
782,2.5,9.0,43.27606684636728,-79.86029773950577
783,4.0,2.0,43.27606684636728,-79.86029773950577
784,3.0,16.0,43.27606684636728,-79.86029773950577
785,2.5,19.0,43.2495181157076,-79.9234422627427
786,3.5,9.0,43.2495181157076,-79.9234422627427
787,3.5,8.0,43.2495181157076,-79.9234422627427
788,3.5,4.0,43.2495181157076,-79.9234422627427
789,2.0,1.0,43.2495181157076,-79.9234422627427
790,4.0,175.0,43.2496648107707,-79.8677950761702
791,4.5,13.0,43.2496648107707,-79.8677950761702
792,4.5,22.0,43.2496648107707,-79.8677950761702
793,4.0,44.0,43.2496648107707,-79.8677950761702
794,4.0,23.0,43.2496648107707,-79.8677950761702
795,4.5,12.0,43.2496648107707,-79.8677950761702
796,4.0,1.0,43.2496648107707,-79.8677950761702
797,3.5,20.0,43.2496648107707,-79.8677950761702
798,3.5,9.0,43.2496648107707,-79.8677950761702
799,1.0,1.0,43.2496648107707,-79.8677950761702
800,4.5,2.0,43.2496648107707,-79.8677950761702
801,1.0,1.0,43.2496648107707,-79.8677950761702
802,4.0,175.0,43.25586951986928,-79.87145036458969
803,4.5,22.0,43.25586951986928,-79.87145036458969
804,4.0,44.0,43.25586951986928,-79.87145036458969
805,4.5,57.0,43.25586951986928,-79.87145036458969
806,4.0,74.0,43.25586951986928,-79.87145036458969
807,4.5,13.0,43.25586951986928,-79.87145036458969
808,4.5,12.0,43.25586951986928,-79.87145036458969
809,4.0,10.0,43.25586951986928,-79.87145036458969
810,4.0,23.0,43.25586951986928,-79.87145036458969
811,4.5,8.0,43.25586951986928,-79.87145036458969
812,4.0,57.0,43.25586951986928,-79.87145036458969
813,4.5,14.0,43.25586951986928,-79.87145036458969
814,4.5,7.0,43.25586951986928,-79.87145036458969
815,4.5,12.0,43.25586951986928,-79.87145036458969
816,4.5,2.0,43.25586951986928,-79.87145036458969
817,3.5,7.0,43.25586951986928,-79.87145036458969
818,1.0,1.0,43.25586951986928,-79.87145036458969
819,3.5,20.0,43.25586951986928,-79.87145036458969
820,4.5,8.0,43.25586951986928,-79.87145036458969
821,3.5,6.0,43.25586951986928,-79.87145036458969
822,4.5,12.0,43.271621271914,-79.856711442486
823,4.0,57.0,43.271621271914,-79.856711442486
824,3.0,29.0,43.271621271914,-79.856711442486
825,3.5,7.0,43.271621271914,-79.856711442486
826,2.5,9.0,43.271621271914,-79.856711442486
827,4.0,2.0,43.271621271914,-79.856711442486
828,3.0,16.0,43.271621271914,-79.856711442486
829,4.0,175.0,43.2543192007999,-79.8733946157064
830,4.5,22.0,43.2543192007999,-79.8733946157064
831,4.5,57.0,43.2543192007999,-79.8733946157064
832,4.0,44.0,43.2543192007999,-79.8733946157064
833,4.5,13.0,43.2543192007999,-79.8733946157064
834,4.0,74.0,43.2543192007999,-79.8733946157064
835,4.0,10.0,43.2543192007999,-79.8733946157064
836,4.5,12.0,43.2543192007999,-79.8733946157064
837,4.0,57.0,43.2543192007999,-79.8733946157064
838,4.5,14.0,43.2543192007999,-79.8733946157064
839,4.5,12.0,43.2543192007999,-79.8733946157064
840,4.5,8.0,43.2543192007999,-79.8733946157064
841,3.5,7.0,43.2543192007999,-79.8733946157064
842,4.5,7.0,43.2543192007999,-79.8733946157064
843,3.5,20.0,43.2543192007999,-79.8733946157064
844,3.5,9.0,43.2543192007999,-79.8733946157064
845,4.5,8.0,43.2543192007999,-79.8733946157064
846,3.5,6.0,43.2543192007999,-79.8733946157064
847,4.0,1.0,43.2543192007999,-79.8733946157064
848,4.5,2.0,43.2543192007999,-79.8733946157064
849,4.0,8.0,43.2526283084979,-79.899692892407
850,4.0,175.0,43.262056982995,-79.8582423171631
851,4.5,57.0,43.262056982995,-79.8582423171631
852,4.5,22.0,43.262056982995,-79.8582423171631
853,4.0,74.0,43.262056982995,-79.8582423171631
854,4.0,44.0,43.262056982995,-79.8582423171631
855,4.5,12.0,43.262056982995,-79.8582423171631
856,4.0,23.0,43.262056982995,-79.8582423171631
857,4.0,57.0,43.262056982995,-79.8582423171631
858,3.5,7.0,43.262056982995,-79.8582423171631
859,4.5,8.0,43.262056982995,-79.8582423171631
860,3.5,20.0,43.262056982995,-79.8582423171631
861,4.5,7.0,43.262056982995,-79.8582423171631
862,4.5,8.0,43.262056982995,-79.8582423171631
863,1.0,1.0,43.262056982995,-79.8582423171631
864,4.5,2.0,43.262056982995,-79.8582423171631
865,3.0,16.0,43.262056982995,-79.8582423171631
866,4.5,57.0,43.266617945064255,-79.85489845275879
867,4.0,74.0,43.266617945064255,-79.85489845275879
868,4.5,12.0,43.266617945064255,-79.85489845275879
869,4.0,57.0,43.266617945064255,-79.85489845275879
870,3.5,7.0,43.266617945064255,-79.85489845275879
871,4.5,7.0,43.248928499066146,-79.82342541217804
872,5.0,7.0,43.248928499066146,-79.82342541217804
873,4.5,6.0,43.248928499066146,-79.82342541217804
874,5.0,5.0,43.248928499066146,-79.82342541217804
875,3.5,3.0,43.248928499066146,-79.82342541217804
876,5.0,1.0,43.248928499066146,-79.82342541217804
877,5.0,1.0,43.248928499066146,-79.82342541217804
878,4.5,42.0,43.25191559879094,-79.85307991504669
879,4.0,23.0,43.25191559879094,-79.85307991504669
880,3.5,20.0,43.25191559879094,-79.85307991504669
881,4.5,7.0,43.24216273334376,-79.8250025510788
882,5.0,7.0,43.24216273334376,-79.8250025510788
883,4.5,6.0,43.24216273334376,-79.8250025510788
884,5.0,5.0,43.24216273334376,-79.8250025510788
885,3.5,3.0,43.24216273334376,-79.8250025510788
886,5.0,1.0,43.24216273334376,-79.8250025510788
887,5.0,1.0,43.24216273334376,-79.8250025510788
888,4.0,175.0,43.25812181171754,-79.8793575167656
889,4.5,14.0,43.25812181171754,-79.8793575167656
890,4.0,10.0,43.25812181171754,-79.8793575167656
891,4.5,22.0,43.25812181171754,-79.8793575167656
892,4.5,12.0,43.25812181171754,-79.8793575167656
893,4.5,13.0,43.25812181171754,-79.8793575167656
894,4.5,12.0,43.25812181171754,-79.8793575167656
895,3.5,6.0,43.25812181171754,-79.8793575167656
896,4.5,8.0,43.25812181171754,-79.8793575167656
897,4.5,7.0,43.25812181171754,-79.8793575167656
898,4.5,8.0,43.25812181171754,-79.8793575167656
899,4.0,1.0,43.25812181171754,-79.8793575167656
900,1.0,1.0,43.25812181171754,-79.8793575167656
901,4.5,2.0,43.25812181171754,-79.8793575167656
902,3.5,9.0,43.25812181171754,-79.8793575167656
903,1.0,1.0,43.25812181171754,-79.8793575167656
904,4.0,175.0,43.251632328780424,-79.86898005008698
905,4.5,13.0,43.251632328780424,-79.86898005008698
906,4.5,22.0,43.251632328780424,-79.86898005008698
907,4.0,44.0,43.251632328780424,-79.86898005008698
908,4.0,23.0,43.251632328780424,-79.86898005008698
909,4.0,10.0,43.251632328780424,-79.86898005008698
910,4.5,14.0,43.251632328780424,-79.86898005008698
911,4.5,12.0,43.251632328780424,-79.86898005008698
912,3.5,9.0,43.251632328780424,-79.86898005008698
913,4.0,1.0,43.251632328780424,-79.86898005008698
914,3.5,20.0,43.251632328780424,-79.86898005008698
915,4.5,8.0,43.251632328780424,-79.86898005008698
916,4.5,7.0,43.251632328780424,-79.86898005008698
917,1.0,1.0,43.251632328780424,-79.86898005008698
918,3.5,6.0,43.251632328780424,-79.86898005008698
919,1.0,1.0,43.251632328780424,-79.86898005008698
920,4.5,2.0,43.251632328780424,-79.86898005008698
921,4.5,7.0,43.2444465978823,-79.81923043727875
922,5.0,7.0,43.2444465978823,-79.81923043727875
923,4.5,6.0,43.2444465978823,-79.81923043727875
924,5.0,1.0,43.2444465978823,-79.81923043727875
925,5.0,5.0,43.2444465978823,-79.81923043727875
926,5.0,1.0,43.2444465978823,-79.81923043727875
927,5.0,1.0,43.2444465978823,-79.81923043727875
928,3.5,3.0,43.2444465978823,-79.81923043727875
929,3.5,3.0,43.2444465978823,-79.81923043727875
930,4.0,87.0,43.26558132306987,-79.94965553283691
931,3.5,49.0,43.26558132306987,-79.94965553283691
932,4.0,12.0,43.26558132306987,-79.94965553283691
933,5.0,2.0,43.26558132306987,-79.94965553283691
934,2.0,3.0,43.26558132306987,-79.94965553283691
935,4.0,175.0,43.25971184443275,-79.86767515540123
936,4.5,57.0,43.25971184443275,-79.86767515540123
937,4.0,74.0,43.25971184443275,-79.86767515540123
938,4.5,22.0,43.25971184443275,-79.86767515540123
939,4.0,44.0,43.25971184443275,-79.86767515540123
940,4.0,57.0,43.25971184443275,-79.86767515540123
941,4.5,12.0,43.25971184443275,-79.86767515540123
942,4.5,8.0,43.25971184443275,-79.86767515540123
943,4.5,8.0,43.25971184443275,-79.86767515540123
944,3.5,7.0,43.25971184443275,-79.86767515540123
945,4.0,23.0,43.25971184443275,-79.86767515540123
946,4.5,7.0,43.25971184443275,-79.86767515540123
947,4.0,10.0,43.25971184443275,-79.86767515540123
948,4.5,14.0,43.25971184443275,-79.86767515540123
949,4.5,12.0,43.25971184443275,-79.86767515540123
950,4.5,2.0,43.25971184443275,-79.86767515540123
951,3.5,20.0,43.25971184443275,-79.86767515540123
952,1.0,1.0,43.25971184443275,-79.86767515540123
953,3.5,6.0,43.25971184443275,-79.86767515540123
954,3.5,9.0,43.25971184443275,-79.86767515540123
955,4.5,12.0,43.25332704523968,-79.886634349823
956,4.0,10.0,43.25332704523968,-79.886634349823
957,4.5,14.0,43.25332704523968,-79.886634349823
958,4.5,12.0,43.25332704523968,-79.886634349823
959,3.5,6.0,43.25332704523968,-79.886634349823
960,4.5,12.0,43.252499716928924,-79.88658607006073
961,4.0,10.0,43.252499716928924,-79.88658607006073
962,4.5,14.0,43.252499716928924,-79.88658607006073
963,4.5,12.0,43.252499716928924,-79.88658607006073
964,3.5,6.0,43.252499716928924,-79.88658607006073
965,4.0,175.0,43.2569048421661,-79.86643463373184
966,4.5,22.0,43.2569048421661,-79.86643463373184
967,4.0,44.0,43.2569048421661,-79.86643463373184
968,4.5,57.0,43.2569048421661,-79.86643463373184
969,4.0,74.0,43.2569048421661,-79.86643463373184
970,4.5,13.0,43.2569048421661,-79.86643463373184
971,4.0,23.0,43.2569048421661,-79.86643463373184
972,4.5,12.0,43.2569048421661,-79.86643463373184
973,4.0,57.0,43.2569048421661,-79.86643463373184
974,4.5,8.0,43.2569048421661,-79.86643463373184
975,3.5,20.0,43.2569048421661,-79.86643463373184
976,4.0,10.0,43.2569048421661,-79.86643463373184
977,4.5,14.0,43.2569048421661,-79.86643463373184
978,4.5,7.0,43.2569048421661,-79.86643463373184
979,4.5,12.0,43.2569048421661,-79.86643463373184
980,3.5,7.0,43.2569048421661,-79.86643463373184
981,1.0,1.0,43.2569048421661,-79.86643463373184
982,4.5,8.0,43.2569048421661,-79.86643463373184
983,4.5,2.0,43.2569048421661,-79.86643463373184
984,3.5,6.0,43.2569048421661,-79.86643463373184
985,4.5,42.0,43.25893246012055,-79.8449581861496
986,4.0,7.0,43.25893246012055,-79.8449581861496
987,4.5,12.0,43.25200741706332,-79.88158643245697
988,4.5,13.0,43.25200741706332,-79.88158643245697
989,4.0,10.0,43.25200741706332,-79.88158643245697
990,4.5,14.0,43.25200741706332,-79.88158643245697
991,4.5,12.0,43.25200741706332,-79.88158643245697
992,4.5,8.0,43.25200741706332,-79.88158643245697
993,4.5,7.0,43.25200741706332,-79.88158643245697
994,3.5,6.0,43.25200741706332,-79.88158643245697
995,4.0,1.0,43.25200741706332,-79.88158643245697
996,4.5,2.0,43.25200741706332,-79.88158643245697
997,3.5,9.0,43.25200741706332,-79.88158643245697
998,1.0,1.0,43.25200741706332,-79.88158643245697
999,4.0,175.0,43.25163037518954,-79.87135380506516
1000,4.5,13.0,43.25163037518954,-79.87135380506516
1001,4.5,22.0,43.25163037518954,-79.87135380506516
1002,4.0,44.0,43.25163037518954,-79.87135380506516
1003,4.0,23.0,43.25163037518954,-79.87135380506516
1004,3.5,9.0,43.25163037518954,-79.87135380506516
1005,4.0,10.0,43.25163037518954,-79.87135380506516
1006,4.5,14.0,43.25163037518954,-79.87135380506516
1007,4.5,12.0,43.25163037518954,-79.87135380506516
1008,4.0,1.0,43.25163037518954,-79.87135380506516
1009,1.0,1.0,43.25163037518954,-79.87135380506516
1010,4.5,8.0,43.25163037518954,-79.87135380506516
1011,3.5,20.0,43.25163037518954,-79.87135380506516
1012,4.5,7.0,43.25163037518954,-79.87135380506516
1013,3.5,6.0,43.25163037518954,-79.87135380506516
1014,1.0,1.0,43.25163037518954,-79.87135380506516
1015,4.5,2.0,43.25163037518954,-79.87135380506516
1016,4.0,175.0,43.25891916811838,-79.86106485128403
1017,4.5,57.0,43.25891916811838,-79.86106485128403
1018,4.5,22.0,43.25891916811838,-79.86106485128403
1019,4.0,74.0,43.25891916811838,-79.86106485128403
1020,4.0,44.0,43.25891916811838,-79.86106485128403
1021,4.0,23.0,43.25891916811838,-79.86106485128403
1022,4.5,12.0,43.25891916811838,-79.86106485128403
1023,4.5,13.0,43.25891916811838,-79.86106485128403
1024,4.0,57.0,43.25891916811838,-79.86106485128403
1025,3.5,7.0,43.25891916811838,-79.86106485128403
1026,3.5,20.0,43.25891916811838,-79.86106485128403
1027,4.5,8.0,43.25891916811838,-79.86106485128403
1028,4.5,7.0,43.25891916811838,-79.86106485128403
1029,4.5,8.0,43.25891916811838,-79.86106485128403
1030,1.0,1.0,43.25891916811838,-79.86106485128403
1031,4.5,2.0,43.25891916811838,-79.86106485128403
1032,3.5,9.0,43.25891916811838,-79.86106485128403
1033,3.0,16.0,43.25891916811838,-79.86106485128403
1034,1.0,1.0,43.25891916811838,-79.86106485128403
1035,4.0,175.0,43.25652795268133,-79.86623145639896
1036,4.5,22.0,43.25652795268133,-79.86623145639896
1037,4.0,44.0,43.25652795268133,-79.86623145639896
1038,4.5,57.0,43.25652795268133,-79.86623145639896
1039,4.0,74.0,43.25652795268133,-79.86623145639896
1040,4.5,13.0,43.25652795268133,-79.86623145639896
1041,4.0,23.0,43.25652795268133,-79.86623145639896
1042,3.5,20.0,43.25652795268133,-79.86623145639896
1043,4.5,12.0,43.25652795268133,-79.86623145639896
1044,4.0,57.0,43.25652795268133,-79.86623145639896
1045,4.5,8.0,43.25652795268133,-79.86623145639896
1046,4.0,10.0,43.25652795268133,-79.86623145639896
1047,4.5,14.0,43.25652795268133,-79.86623145639896
1048,4.5,7.0,43.25652795268133,-79.86623145639896
1049,3.5,7.0,43.25652795268133,-79.86623145639896
1050,1.0,1.0,43.25652795268133,-79.86623145639896
1051,4.5,8.0,43.25652795268133,-79.86623145639896
1052,4.5,2.0,43.25652795268133,-79.86623145639896
1053,3.5,6.0,43.25652795268133,-79.86623145639896
1054,4.0,1.0,43.25652795268133,-79.86623145639896
1055,4.5,12.0,43.256556155396176,-79.88510146737099
1056,4.0,10.0,43.256556155396176,-79.88510146737099
1057,4.5,14.0,43.256556155396176,-79.88510146737099
1058,4.5,12.0,43.256556155396176,-79.88510146737099
1059,3.5,6.0,43.256556155396176,-79.88510146737099
1060,4.5,42.0,43.25124627968789,-79.83547054231167
1061,4.5,6.0,43.25124627968789,-79.83547054231167
1062,3.5,3.0,43.25124627968789,-79.83547054231167
1063,4.5,42.0,43.2513467527978,-79.83823858201504
1064,4.5,6.0,43.2513467527978,-79.83823858201504
1065,3.5,3.0,43.2513467527978,-79.83823858201504
1066,4.5,42.0,43.251884127702,-79.84635829925537
1067,4.0,175.0,43.25906138152248,-79.87338691949844
1068,4.5,57.0,43.25906138152248,-79.87338691949844
1069,4.5,22.0,43.25906138152248,-79.87338691949844
1070,4.0,10.0,43.25906138152248,-79.87338691949844
1071,4.0,74.0,43.25906138152248,-79.87338691949844
1072,4.5,14.0,43.25906138152248,-79.87338691949844
1073,4.0,44.0,43.25906138152248,-79.87338691949844
1074,4.5,8.0,43.25906138152248,-79.87338691949844
1075,4.5,13.0,43.25906138152248,-79.87338691949844
1076,4.5,12.0,43.25906138152248,-79.87338691949844
1077,4.5,12.0,43.25906138152248,-79.87338691949844
1078,4.0,57.0,43.25906138152248,-79.87338691949844
1079,4.5,12.0,43.25906138152248,-79.87338691949844
1080,4.5,7.0,43.25906138152248,-79.87338691949844
1081,3.5,6.0,43.25906138152248,-79.87338691949844
1082,3.5,7.0,43.25906138152248,-79.87338691949844
1083,4.5,2.0,43.25906138152248,-79.87338691949844
1084,4.5,8.0,43.25906138152248,-79.87338691949844
1085,3.5,20.0,43.25906138152248,-79.87338691949844
1086,1.0,1.0,43.25906138152248,-79.87338691949844
1087,4.0,175.0,43.25693469264953,-79.86957684159279
1088,4.5,22.0,43.25693469264953,-79.86957684159279
1089,4.0,44.0,43.25693469264953,-79.86957684159279
1090,4.5,57.0,43.25693469264953,-79.86957684159279
1091,4.0,74.0,43.25693469264953,-79.86957684159279
1092,4.5,8.0,43.25693469264953,-79.86957684159279
1093,4.5,13.0,43.25693469264953,-79.86957684159279
1094,1.0,1.0,43.25693469264953,-79.86957684159279
1095,4.5,12.0,43.25693469264953,-79.86957684159279
1096,4.0,23.0,43.25693469264953,-79.86957684159279
1097,4.5,7.0,43.25693469264953,-79.86957684159279
1098,4.0,57.0,43.25693469264953,-79.86957684159279
1099,4.0,10.0,43.25693469264953,-79.86957684159279
1100,4.5,2.0,43.25693469264953,-79.86957684159279
1101,4.5,14.0,43.25693469264953,-79.86957684159279
1102,4.5,12.0,43.25693469264953,-79.86957684159279
1103,3.5,7.0,43.25693469264953,-79.86957684159279
1104,3.5,20.0,43.25693469264953,-79.86957684159279
1105,4.5,8.0,43.25693469264953,-79.86957684159279
1106,3.5,6.0,43.25693469264953,-79.86957684159279
1107,4.5,42.0,43.25646071175471,-79.84998129308224
1108,4.0,23.0,43.25646071175471,-79.84998129308224
1109,4.5,12.0,43.27260051521549,-79.86689731478691
1110,3.0,29.0,43.27260051521549,-79.86689731478691
1111,2.5,9.0,43.27260051521549,-79.86689731478691
1112,4.0,2.0,43.27260051521549,-79.86689731478691
1113,3.0,16.0,43.27260051521549,-79.86689731478691
1114,4.0,175.0,43.25400491861888,-79.86223563551903
1115,4.5,22.0,43.25400491861888,-79.86223563551903
1116,4.0,23.0,43.25400491861888,-79.86223563551903
1117,4.5,57.0,43.25400491861888,-79.86223563551903
1118,4.0,44.0,43.25400491861888,-79.86223563551903
1119,4.0,74.0,43.25400491861888,-79.86223563551903
1120,3.5,20.0,43.25400491861888,-79.86223563551903
1121,4.5,13.0,43.25400491861888,-79.86223563551903
1122,4.5,8.0,43.25400491861888,-79.86223563551903
1123,4.5,7.0,43.25400491861888,-79.86223563551903
1124,4.5,8.0,43.25400491861888,-79.86223563551903
1125,4.0,1.0,43.25400491861888,-79.86223563551903
1126,1.0,1.0,43.25400491861888,-79.86223563551903
1127,4.5,2.0,43.25400491861888,-79.86223563551903
1128,3.5,9.0,43.25400491861888,-79.86223563551903
1129,1.0,1.0,43.25400491861888,-79.86223563551903
1130,4.0,175.0,43.24978615747242,-79.87574994564056
1131,4.5,13.0,43.24978615747242,-79.87574994564056
1132,4.5,22.0,43.24978615747242,-79.87574994564056
1133,4.0,44.0,43.24978615747242,-79.87574994564056
1134,4.5,12.0,43.24978615747242,-79.87574994564056
1135,4.5,12.0,43.24978615747242,-79.87574994564056
1136,4.0,1.0,43.24978615747242,-79.87574994564056
1137,3.5,20.0,43.24978615747242,-79.87574994564056
1138,3.5,9.0,43.24978615747242,-79.87574994564056
1139,1.0,1.0,43.24978615747242,-79.87574994564056
1140,4.5,2.0,43.24978615747242,-79.87574994564056
1141,1.0,1.0,43.24978615747242,-79.87574994564056
1142,4.5,42.0,43.25729552525069,-79.85334813594818
1143,4.5,12.0,43.25729552525069,-79.85334813594818
1144,4.0,23.0,43.25729552525069,-79.85334813594818
1145,3.5,20.0,43.25729552525069,-79.85334813594818
1146,4.0,175.0,43.265938747249415,-79.86042380332947
1147,4.5,57.0,43.265938747249415,-79.86042380332947
1148,4.5,12.0,43.265938747249415,-79.86042380332947
1149,4.0,74.0,43.265938747249415,-79.86042380332947
1150,4.0,57.0,43.265938747249415,-79.86042380332947
1151,3.5,7.0,43.265938747249415,-79.86042380332947
1152,4.5,8.0,43.265938747249415,-79.86042380332947
1153,4.5,7.0,43.265938747249415,-79.86042380332947
1154,4.5,8.0,43.265938747249415,-79.86042380332947
1155,4.5,2.0,43.265938747249415,-79.86042380332947
1156,1.0,1.0,43.265938747249415,-79.86042380332947
1157,3.0,16.0,43.265938747249415,-79.86042380332947
1158,4.0,175.0,43.26624929442286,-79.86611008644103
1159,4.5,12.0,43.26624929442286,-79.86611008644103
1160,4.5,57.0,43.26624929442286,-79.86611008644103
1161,4.0,74.0,43.26624929442286,-79.86611008644103
1162,4.0,57.0,43.26624929442286,-79.86611008644103
1163,3.5,7.0,43.26624929442286,-79.86611008644103
1164,4.0,10.0,43.26624929442286,-79.86611008644103
1165,4.5,14.0,43.26624929442286,-79.86611008644103
1166,3.0,16.0,43.26624929442286,-79.86611008644103
1167,4.5,8.0,43.26624929442286,-79.86611008644103
1168,4.5,8.0,43.26624929442286,-79.86611008644103
1169,4.5,7.0,43.26624929442286,-79.86611008644103
1170,3.5,6.0,43.26624929442286,-79.86611008644103
1171,4.5,2.0,43.26624929442286,-79.86611008644103
1172,3.0,29.0,43.27365898786445,-79.86182928085327
1173,2.5,9.0,43.27365898786445,-79.86182928085327
1174,4.0,2.0,43.27365898786445,-79.86182928085327
1175,3.0,16.0,43.27365898786445,-79.86182928085327
1176,3.0,29.0,43.27528883070137,-79.85690742731094
1177,2.5,9.0,43.27528883070137,-79.85690742731094
1178,4.0,2.0,43.27528883070137,-79.85690742731094
1179,3.0,16.0,43.27528883070137,-79.85690742731094
1180,4.5,42.0,43.25831920066756,-79.84240606427193
1181,4.0,7.0,43.25831920066756,-79.84240606427193
1182,4.5,57.0,43.2637774120007,-79.8660421593136
1183,4.0,74.0,43.2637774120007,-79.8660421593136
1184,4.0,175.0,43.2637774120007,-79.8660421593136
1185,4.5,12.0,43.2637774120007,-79.8660421593136
1186,4.0,57.0,43.2637774120007,-79.8660421593136
1187,4.5,22.0,43.2637774120007,-79.8660421593136
1188,3.5,7.0,43.2637774120007,-79.8660421593136
1189,4.0,44.0,43.2637774120007,-79.8660421593136
1190,4.0,10.0,43.2637774120007,-79.8660421593136
1191,4.5,14.0,43.2637774120007,-79.8660421593136
1192,4.5,8.0,43.2637774120007,-79.8660421593136
1193,4.5,8.0,43.2637774120007,-79.8660421593136
1194,4.5,7.0,43.2637774120007,-79.8660421593136
1195,3.5,20.0,43.2637774120007,-79.8660421593136
1196,3.5,6.0,43.2637774120007,-79.8660421593136
1197,3.0,16.0,43.2637774120007,-79.8660421593136
1198,4.5,2.0,43.2637774120007,-79.8660421593136
1199,1.0,1.0,43.2637774120007,-79.8660421593136
1200,4.0,14.0,43.25960441109783,-79.90210264921188
1201,5.0,1.0,43.25960441109783,-79.90210264921188
1202,4.0,8.0,43.25960441109783,-79.90210264921188
1203,4.0,175.0,43.2573917915248,-79.86790180206299
1204,4.5,22.0,43.2573917915248,-79.86790180206299
1205,4.0,44.0,43.2573917915248,-79.86790180206299
1206,4.5,57.0,43.2573917915248,-79.86790180206299
1207,4.0,74.0,43.2573917915248,-79.86790180206299
1208,4.5,8.0,43.2573917915248,-79.86790180206299
1209,4.5,13.0,43.2573917915248,-79.86790180206299
1210,4.5,12.0,43.2573917915248,-79.86790180206299
1211,4.0,23.0,43.2573917915248,-79.86790180206299
1212,4.0,57.0,43.2573917915248,-79.86790180206299
1213,4.5,7.0,43.2573917915248,-79.86790180206299
1214,4.0,10.0,43.2573917915248,-79.86790180206299
1215,4.5,14.0,43.2573917915248,-79.86790180206299
1216,4.5,2.0,43.2573917915248,-79.86790180206299
1217,4.5,12.0,43.2573917915248,-79.86790180206299
1218,3.5,20.0,43.2573917915248,-79.86790180206299
1219,3.5,7.0,43.2573917915248,-79.86790180206299
1220,1.0,1.0,43.2573917915248,-79.86790180206299
1221,4.5,8.0,43.2573917915248,-79.86790180206299
1222,3.5,6.0,43.2573917915248,-79.86790180206299
